titulo,grupo_de_interes,origen,categoria,nombre_archivo
Acuerdo N0.029 Unificación de lineamientos que crean y reglamentan los comités de currículo de Pregrado y Posgrado,Público general,Consejo Académico,Normatividad,acuerdo-029-2024-unificacion-de-lineamientos-que-crean-y-reglamentan-los-comites-de-curriculo-de-pregrado-y-posgrado-cp.pdf
Acuerdo No. 001 Nueva estructura organizacional de la UAM,Público general,Consejo Superior,Tramites y procedimientos institucionales,se-adopta-la-nueva-estructura-organizacional-de-la-uam.pdf
Acuerdo No. 001 Política de incorporación de las TIC en los procesos académicos UAM,Público general,Consejo Académico,Normatividad,politica_incorporacion_de_tic.pdf
Acuerdo No. 001 Reglamento General Estudiantil,Público general,Consejo Superior,Normatividad,reglamento-general-estudiantil-2026_0.pdf
Acuerdo No. 002 Reglamento de propiedad intelectual para la UAM,Público general,Consejo Superior,Normatividad,acuerdo-002-reglamento-de-propiedad-intelectual-uam.pdf
Acuerdo No. 005 - Lineamientos para el proceso de investigación formativa y el reconocimiento de los méritos académicos en el componente de investigación,Público general,Consejo Académico,Normatividad,lineamientos-para-el-proceso-de-investigacion-formativ- y-el-reconocimiento-de-los-meritos-academicos-en-el-componente-de-investigacion.pdf
Acuerdo No. 006 Educación inclusiva,Público general,Consejo Académico,Normatividad,Educación Inclusiva.pdf
Acuerdo No. 008 Política de ética de la investigación bioética e integridad cientifica - EIBIC- en la UAM,Público general,Consejo Académico,Normatividad,acuardo-008-politica-de-etica-de-la-investigación-bioetica-e-integridad-científica–eibic-en-la-uam.pdf
Acuerdo No. 009 Política de proyección UAM,Público general,Consejo Académico,Normatividad,politica_de_proyeccion_social.pdf
Acuerdo No. 011 Política editorial UAM,Público general,Consejo Académico,Normatividad,Politica-Editorial-actualizacion_compressed.pdf
Acuerdo No. 021 Política de Internacionalización,Estudiantes,Consejo Académico,Normatividad,Politica de Internacionalizacion.pdf
Acuerdo No. 022 Política de Investigación UAM,Público general,Consejo Académico,Normatividad,Politica-de-Investigacion-UAM.pdf
Acuerdo No.005 Actualización sobre créditos académicos y planes de estudio de programas de pregrado y posgrado de la UAM,Público general,Consejo Académico,Normatividad,acuerdo-005-actualizacion-de-lineamientos-institucionales-sobre-creditos-academicos-y-planes-de-estudio-de-programas-de-pregrado-y-posgrado-de-la-uam.pdf
Acuerdo No.017. Calendario Académico 2026,Público general,Consejo Académico,Otra información de publicación obligatoria,acuerdo-017-23-10-25-aprueba-calendario-academico-2026.pdf
"Autorización de uso de imagen sobre fotografías, fijaciones audivisuales y de propiedad intelectual",Público general,Rectoría,Normatividad,autorizacion-de-uso-de-imagen-uam.pdf
Autorización para tratamiento de datos personales de menor de edad,Público general,Rectoría,Normatividad,autorizacion-para-tratamiento-de-datos-para-menor-de-edad-uam.pdf
Carta de compromiso para el uso de software y equipos informaticos,"Estudiantes , Colaboradores",Rectoría,Información Institucional,carta-de-compromiso-para-el-uso-de-software-y-equipos-informaticos-uam.pdf
Convenio para la modalidad estudiantil - SUMAmovilidad,Público general,Externo Alianza SUMA,Normatividad,Convenio SUMA.pdf
Derechos pecuniarios 2026,Público general,Rectoría,Información Institucional,derechos-pecuniarios-2026-firma1.pdf
Direccionamiento Estratégico UAM 2030,Público general,Rectoría,Normatividad,direccionamiento-estrategico-uam-2030-2.pdf
Estatuto general Universidad Autónoma de Manizales,Público general,Ministerio de Educación Nacional,Normatividad,Estatuto-general-UAM.pdf
Estatuto profesoral Universidad Autonoma de Manizales,Docentes,Consejo Superior,Normatividad,estatuto_profesoral_uam.pdf
Lineamientos para la participación de profesores visitantes a programas de pregrado y posgrado,Docentes,Vicerrectoría Académica,Normatividad,Lineamientos para la participación de profesores visitantes a programas de pregrado y posgrado.pdf
Lineamientos Segmentación de Contenidos y Uso de Canales de Comunicación,Público general,Dirección de Alianzas y Relaciones Corporativas,Información Institucional,lineamientos-segmentacion-y-uso-de-canales-uam-2026 .docx.pdf
Manual de uso de Cookies Universidad  Autónoma de Manizales,Público general,Rectoría,Otra información de publicación obligatoria,manual-de-uso-de-Cookies-uam.pdf
Mapa de macro - procesos UAM,Público general,Rectoría,Transparencia,Mapa-de-macro-procesos-uam.pdf
Plan de gestión integral de residuos hospitalarios y similares (PGIRHS),Público general,Centro de Estudios Ambientales - CEA,"Planeación, presupuesto e informes",Plan de Gestión Integral de Residuos Hospitalarios y Similares (PGIRHS).pdf
Planeación estratégica 2030,Público general,Directivos UAM,"Planeación, presupuesto e informes",folleto-planeacion-estrategica.pdf
Política Permanencia y Graduación UAM,Público general,Rectoría,Normatividad,Politica de permanencia y graduacion UAM.pdf
Politicas de Gestión Documental de la UAM,Público general,Rectoría,Normatividad,politica-sgd-resolucion-044-2024.pdf
Procedimientos y criterios en relación con el apoyo de sostenimiento a estudiantes beneficiarios del programa Generación E,Público general,Rectoria,Normatividad,Procedimientos y criterios en relación con el apoyo de sostenimiento a estudiantes beneficiarios del programa Generación E.pdf
Protocolo de prevención y atención en materia de violencia de genero y/o sexual de la UAM,,Rectoría,Normatividad,Protocolo-de-prevencion-y-atencion-en-materia-de-violencia-de-genero-y-o-sexual-de-la-uam.pdf
"Protocolo Institucional para ingreso, circulación y permanencia de caninos de apoyo emocional",Público general,Rectoría,Información Institucional,resolucion-animales-de-apoyo_0.pdf
Proyecto Educativo Institucional (PEI),Público general,Directivos UAM,"Planeación, presupuesto e informes",Proyecto Educativo Institucional PEI-2021.pdf
Reglamento Interno de Trabajo,Colaboradores,Rectoria,"Normatividad , Información Institucional , Contrato y convenios",reglamento-interno-de-trabajo-junio25-2026.pdf
Repositorio institucional UAM,Público general,Rectoría,Normatividad,Repositorio Institucional.pdf
Requisitos de postulación Beca Victoria World Wide,Estudiantes,Estudiantes UAM,Becas,Requisitos de postulacion.pdf
Resolución No. 011 Política del sistema integrado de gestión de calidad y seguridad y salud en el trabajo,Público general,Rectoría,Normatividad,politica-sig-uam-2026-.pdf
Resolución No. 011 Resolución interna por la cual se regula la concesión de beneficios a docentes y empleados,Público general,Comité de Rectoría,Tramites y procedimientos institucionales,reglamento-que-regula-la-concesion-de-beneficios-a-docentes-y-empleados.pdf
Resolución No. 019 Gobernanza en la Universidad Autónoma de Manizales,Público general,Rectoría,Normatividad,resolucion-019-gobernanza-niversidad-autonoma-de-manizales.pdf
"Resolución No. 022 Modificación a los artículos 6 y 13 de la Resolución No. 045 Reglamento de monitorías de docencia, investigación y apoyo a servicios administrativos en la Universidad.",Público general,Rectoría,Normatividad,No.022-modificacion-reglamento-de-monitorias-firmadas.pdf
"Resolución No. 045 Reglamento de monitorias de docencia, investigación y apoyo a servicios administrativos en la UAM",Estudiantes,Rectoria,Normatividad,"Reglamento de monitorias de docencia, investigación y apoyo a servicios administrativos en la UAM.pdf"
Resolución No. 057 Reglamento sobre uso de la infraestructura y servicios de red UAM,Colaboradores,Rectoria,Normatividad,reglamento_sobre_uso_de_la_infraestructura_y_servicios_de_red_uam-comprimido.pdf
Resolución No. 083 Lineamientos de planeación académica - Plan Responsabilidades Docentes,Docentes,Rectoría,Información Institucional,resolucion-083-plan-de-responsabilidad-docente.pdf
Resolución No. 099 Reglamento de Capacitación Docente y Administrativos,Público general,Rectoría,Normatividad,capacitacion docente.pdf
Resolución No.005 Creación del Programa de Voluntariado UAM,Público general,Rectoría,Normatividad,resolucion-005-creacion-programa-voluntariado-uam.pdf
Resolución No.010 Reglamento general estudiantil para programas de educacion para el trabajo y tecnicos laborales en la UAM,Estudiantes,Rectoria,Normatividad,reglamento_general_estudiantil_para_programas_de_educacion_para_el_trabajo_y_tecnicos_laborales_en_la_uam.pdf
Resolución No.065 Política de desarrollo humano y bienestar,Público general,Rectoría,Normatividad,Politica-de-desarrollo-humano-y-bienestar.pdf
Resolucion No.223 Política de tratamiento de datos personales,Público general,Rectoría,Normatividad,Politica-tratamiento-de-datos-personales.pdf
Tablas de Retención Documental,Público general,Rectoría,Transparencia,trd-uam-2024-actualizacion.pdf
